{"em": 24.87534626038781, "has_answer": 40.69252077562327, "num_examples": 3610, "too_long": 0}
