{"em": 55.387607177583305, "has_answer": 68.63785026076195, "num_examples": 11313, "too_long": 0}
