{"em": 27.72853185595568, "has_answer": 53.57340720221606, "num_examples": 3610, "too_long": 0}
