{"em": 53.45178113674534, "has_answer": 59.16202598780165, "num_examples": 11313, "too_long": 0}
